Auto-moto,Vozidla a náhradní díly
Cestování,Tašky a zavazadla
Chovatelské potřeby,Chovatelství
Dětšké zboží,Děti a kojenci
Dům a zahrada,Dům a zahrada
Elektronika,Elektronika
Erotika,Pro dospělé
Hudba a film,Umění a zábava
Knihy a časopisy,Média
Kosmetika a parfémy,Zdraví a krása
Květiny,Umění a zábava
Lékárna a zdraví,Zdraví a krása
Mobily a GPS,Elektronika
Nábytek,Nábytek
Nemovitosti,Obchod a průmysl
Oblečení a doplňky,Oblečení a doplňky
Ostatní,Obchod a průmysl
Počítače a hry,Hračky a hry
Potraviny,"Jídlo, pití a tabák"
Sběratelství,Umění a zábava
Služby,Obchod a průmysl
Šperky a hodinky,Oblečení a doplňky
Sport a turistika,Sportovní potřeby
Starožitnosti a umění,Dům a zahrada
Stavební materiál,Kutilství a řemeslo
Tabák a alkohol,"Jídlo, pití a tabák"
Ubytování,Obchod a průmysl
Vojenství,Oblečení a doplňky
Zábava,Umění a zábava